sample_id	PAM50_recomputed	PAM50Call_RNAseq	PAM50_final	thornsson_subtype	CPE
TCGA-3C-AAAU-01	LumB		LumB		0.7886
TCGA-3C-AALI-01	Her2		Her2		0.6974
TCGA-3C-AALJ-01	LumB		LumB		0.7666
TCGA-3C-AALK-01	LumA		LumA		0.6869
TCGA-4H-AAAK-01	LumA		LumA		0.649
TCGA-5L-AAT0-01	LumA		LumA		0.6501
TCGA-5L-AAT1-01	LumA		LumA		0.5553
TCGA-5T-A9QA-01	LumB		LumB		0.8368
TCGA-A1-A0SB-01	Basal	Normal	Normal		0.9328
TCGA-A1-A0SD-01	LumA	LumA	LumA		0.6906
TCGA-A1-A0SE-01	LumA	LumA	LumA		0.7979
TCGA-A1-A0SF-01	LumA	LumA	LumA		0.7237
TCGA-A1-A0SG-01	LumA	LumA	LumA		0.7569
TCGA-A1-A0SH-01	LumA	LumA	LumA		0.6574
TCGA-A1-A0SI-01	Her2	LumB	LumB		0.6438
TCGA-A1-A0SJ-01	LumB	LumA	LumA		0.7984
TCGA-A1-A0SK-01	Basal	Basal	Basal		0.9288
TCGA-A1-A0SM-01	Her2	LumA	LumA		0.7903
TCGA-A1-A0SN-01	LumB	LumB	LumB		0.6915
TCGA-A1-A0SO-01	Basal	Basal	Basal		0.9325
TCGA-A1-A0SP-01	Basal	Basal	Basal		0.6913
TCGA-A1-A0SQ-01	LumA	LumA	LumA		0.8417
TCGA-A2-A04N-01	LumA	LumA	LumA		0.717
TCGA-A2-A04P-01	Basal	Basal	Basal		0.7001
TCGA-A2-A04Q-01	Basal	Basal	Basal		0.3242
TCGA-A2-A04R-01	LumB	LumB	LumB		0.9501
TCGA-A2-A04T-01	Basal	Basal	Basal		0.7466
TCGA-A2-A04U-01	Basal	Basal	Basal		0.8602
TCGA-A2-A04V-01	LumB	LumA	LumA		0.8341
TCGA-A2-A04W-01	Her2	Her2	Her2		0.7309
TCGA-A2-A04X-01	Her2	Her2	Her2		0.7223
TCGA-A2-A04Y-01	LumB	LumB	LumB		0.7318
TCGA-A2-A0CK-01	LumA		LumA		0.7057
TCGA-A2-A0CL-01	Her2	Normal	Normal		0.3716
TCGA-A2-A0CM-01	Basal	Basal	Basal		0.5497
TCGA-A2-A0CO-01	LumA		LumA		0.7228
TCGA-A2-A0CP-01	LumA	LumA	LumA		0.6409
TCGA-A2-A0CQ-01	LumB	LumA	LumA		0.7701
TCGA-A2-A0CR-01	Normal		Normal		0.4889
TCGA-A2-A0CS-01	LumB	LumA	LumA		0.7057
TCGA-A2-A0CT-01	LumB	LumA	LumA		1.0
TCGA-A2-A0CU-01	LumB	LumA	LumA		0.7034
TCGA-A2-A0CV-01	LumA	LumA	LumA		0.625
TCGA-A2-A0CW-01	LumB	LumB	LumB		0.8349
TCGA-A2-A0CX-01	Her2	Her2	Her2		0.5922
TCGA-A2-A0CY-01	LumB		LumB		0.5145
TCGA-A2-A0CZ-01	Normal	Normal	Normal		0.7413
TCGA-A2-A0D0-01	Basal	Basal	Basal		0.8171
TCGA-A2-A0D1-01	Her2	Her2	Her2		0.898
TCGA-A2-A0D2-01	Basal	Basal	Basal		0.712
TCGA-A2-A0D3-01	LumA	LumA	LumA		0.8266
TCGA-A2-A0D4-01	LumB	LumB	LumB		0.8456
TCGA-A2-A0EM-01	LumA	LumA	LumA		0.7913
TCGA-A2-A0EN-01	LumA	LumA	LumA		0.5883
TCGA-A2-A0EO-01	LumA	LumA	LumA		0.6086
TCGA-A2-A0EP-01	LumB		LumB		0.3512
TCGA-A2-A0EQ-01	Her2	Her2	Her2		0.5025
TCGA-A2-A0ER-01	LumB	LumA	LumA		0.8351
TCGA-A2-A0ES-01	Normal	LumA	LumA		0.7674
TCGA-A2-A0ET-01	LumB	LumA	LumA		0.861
TCGA-A2-A0EU-01	LumB	LumA	LumA		0.84
TCGA-A2-A0EV-01	LumB	LumA	LumA		0.5945
TCGA-A2-A0EW-01	LumA	LumA	LumA		0.5991
TCGA-A2-A0EX-01	LumA	LumA	LumA		0.6738
TCGA-A2-A0EY-01	Her2	LumB	LumB		0.7092
TCGA-A2-A0ST-01	Basal	Basal	Basal		0.3132
TCGA-A2-A0SU-01	LumA	LumA	LumA		0.7712
TCGA-A2-A0SV-01	LumB	LumB	LumB		0.6729
TCGA-A2-A0SW-01	LumB	LumB	LumB		0.6421
TCGA-A2-A0SX-01	Basal	Basal	Basal		0.6626
TCGA-A2-A0SY-01	LumA	LumA	LumA		0.8188
TCGA-A2-A0T0-01	Basal	Basal	Basal		0.7259
TCGA-A2-A0T1-01	Her2	Her2	Her2		0.4113
TCGA-A2-A0T2-01	Basal	Basal	Basal		0.8631
TCGA-A2-A0T3-01	LumB	LumB	LumB		0.7466
TCGA-A2-A0T4-01	LumB	LumA	LumA		0.6972
TCGA-A2-A0T5-01	LumA	LumA	LumA		0.7658
TCGA-A2-A0T6-01	LumA	LumA	LumA		0.7257
TCGA-A2-A0T7-01	Normal	LumA	LumA		0.7923
TCGA-A2-A0YC-01	LumB	LumA	LumA		0.8188
TCGA-A2-A0YD-01	LumA	LumA	LumA		0.7142
TCGA-A2-A0YE-01	Basal	Basal	Basal		0.8224
TCGA-A2-A0YF-01	LumB	LumA	LumA		0.8519
TCGA-A2-A0YG-01	Her2	LumB	LumB		0.7976
TCGA-A2-A0YH-01	LumB	LumB	LumB		0.6068
TCGA-A2-A0YI-01	LumA	LumA	LumA		0.6682
TCGA-A2-A0YJ-01	Basal	Basal	Basal		0.726
TCGA-A2-A0YK-01	Normal	Normal	Normal		0.5516
TCGA-A2-A0YL-01	Normal	LumA	LumA		0.7032
TCGA-A2-A0YM-01	Basal	Basal	Basal		0.7266
TCGA-A2-A0YT-01	LumB	LumB	LumB		0.7817
TCGA-A2-A1FV-01	LumA	LumA	LumA		0.9309
TCGA-A2-A1FW-01	LumB	LumB	LumB		0.8923
TCGA-A2-A1FX-01	LumB	LumB	LumB		0.8364
TCGA-A2-A1FZ-01	LumA	LumA	LumA		0.7087
TCGA-A2-A1G0-01	LumA	LumA	LumA		0.7088
TCGA-A2-A1G1-01	Basal	Basal	Basal		0.5685
TCGA-A2-A1G4-01	LumB	LumB	LumB		0.8879
TCGA-A2-A1G6-01	LumA	Normal	Normal		0.7913
TCGA-A2-A259-01	LumA	LumA	LumA		0.6159
TCGA-A2-A25A-01	Normal	Normal	Normal		0.595
TCGA-A2-A25B-01	LumB	LumB	LumB		0.8657
TCGA-A2-A25C-01	LumB	LumB	LumB		0.7454
TCGA-A2-A25D-01	LumB	LumA	LumA		0.6756
TCGA-A2-A25E-01	LumB	LumB	LumB		0.8077
TCGA-A2-A25F-01	Basal	Basal	Basal		0.2489
TCGA-A2-A3KC-01	LumA	LumA	LumA		0.7365
TCGA-A2-A3KD-01	LumA	LumA	LumA		0.8248
TCGA-A2-A3XS-01	Basal		Basal		0.7855
TCGA-A2-A3XT-01	Basal		Basal		0.6632
TCGA-A2-A3XU-01	Basal		Basal		0.807
TCGA-A2-A3XV-01	Her2		Her2		0.836
TCGA-A2-A3XW-01	Normal		Normal		0.6063
TCGA-A2-A3XX-01	Basal		Basal		0.7868
TCGA-A2-A3XY-01	Basal		Basal		0.5595
TCGA-A2-A3XZ-01	Her2		Her2		0.6138
TCGA-A2-A3Y0-01	Basal		Basal		0.7326
TCGA-A2-A4RW-01	LumA		LumA		0.7072
TCGA-A2-A4RX-01	Basal		Basal		0.6782
TCGA-A2-A4RY-01	Normal		Normal		0.7913
TCGA-A2-A4S0-01	LumA		LumA		0.883
TCGA-A2-A4S1-01	Basal		Basal		0.4622
TCGA-A2-A4S2-01	LumA		LumA		0.7401
TCGA-A2-A4S3-01	LumB		LumB		0.6935
TCGA-A7-A0CD-01	LumB	LumA	LumA		0.8525
TCGA-A7-A0CE-01	Basal	Basal	Basal		0.8551
TCGA-A7-A0CE-11	Normal		Normal		
TCGA-A7-A0CG-01	LumA	LumA	LumA		0.5327
TCGA-A7-A0CH-01	LumA	LumA	LumA		0.7978
TCGA-A7-A0CH-11	LumA		Normal		
TCGA-A7-A0CJ-01	LumB	LumB	LumB		0.8785
TCGA-A7-A0D9-01	LumA	LumA	LumA		0.8921
TCGA-A7-A0D9-11	Normal	Normal	Normal		
TCGA-A7-A0DA-01	Basal	Basal	Basal		0.7466
TCGA-A7-A0DB-01	LumA	LumA	LumA		0.6494
TCGA-A7-A0DB-11	Basal	Normal	Normal		
TCGA-A7-A0DC-01	LumA	LumA	LumA		
TCGA-A7-A0DC-11	Normal	Normal	Normal		
TCGA-A7-A13D-01	Basal	Basal	Basal		0.8612
TCGA-A7-A13E-01	Basal	Basal	Basal		0.9184
TCGA-A7-A13E-11	Normal	Normal	Normal		
TCGA-A7-A13F-01	LumB	LumB	LumB		0.7915
TCGA-A7-A13F-11	Normal	Normal	Normal		
TCGA-A7-A13G-01	LumA	LumA	LumA		0.9357
TCGA-A7-A13G-11	LumA	LumA	Normal		
TCGA-A7-A13H-01	LumA		LumA		0.671
TCGA-A7-A26E-01	LumA	LumA	LumA		0.7913
TCGA-A7-A26F-01	Basal	Basal	Basal		0.6312
TCGA-A7-A26G-01	Basal	Basal	Basal		0.5182
TCGA-A7-A26H-01	LumA	LumA	LumA		0.7811
TCGA-A7-A26I-01	Basal	Basal	Basal		0.7381
TCGA-A7-A26J-01	LumB	LumA	LumA		0.7009
TCGA-A7-A2KD-01	LumB	LumB	LumB		0.6932
TCGA-A7-A3IY-01	LumA	LumA	LumA		0.614
TCGA-A7-A3IZ-01	LumB	LumA	LumA		0.9059
TCGA-A7-A3J0-01	LumA	LumA	LumA		0.8681
TCGA-A7-A3J1-01	LumA	LumA	LumA		0.6485
TCGA-A7-A3RF-01	LumB		LumB		0.8802
TCGA-A7-A425-01	LumA		LumA		0.8133
TCGA-A7-A426-01	LumA		LumA		0.7037
TCGA-A7-A4SA-01	LumB		LumB		0.7065
TCGA-A7-A4SB-01	LumB		LumB		0.846
TCGA-A7-A4SC-01	LumA		LumA		0.7975
TCGA-A7-A4SD-01	Basal		Basal		0.4889
TCGA-A7-A4SE-01	Basal		Basal		0.7913
TCGA-A7-A4SF-01	Her2		Her2		0.7498
TCGA-A7-A56D-01	LumB		LumB		0.587
TCGA-A7-A5ZV-01	Basal		Basal		0.8146
TCGA-A7-A5ZW-01	LumA		LumA		0.7466
TCGA-A7-A5ZX-01	LumA		LumA		0.836
TCGA-A7-A6VV-01	Basal		Basal		0.6841
TCGA-A7-A6VW-01	Basal		Basal		0.8178
TCGA-A7-A6VX-01	LumB		LumB		0.7913
TCGA-A7-A6VY-01	Basal		Basal		0.5982
TCGA-A8-A06N-01	LumB	LumB	LumB		0.9499
TCGA-A8-A06O-01	LumB	LumB	LumB		0.7379
TCGA-A8-A06P-01	LumA	LumA	LumA		0.6135
TCGA-A8-A06Q-01	LumB	LumB	LumB		0.912
TCGA-A8-A06R-01	LumB	LumB	LumB		0.6126
TCGA-A8-A06T-01	LumB	LumA	LumA		0.7562
TCGA-A8-A06U-01	LumB	LumA	LumA		0.7982
TCGA-A8-A06X-01	LumB	LumB	LumB		0.7535
TCGA-A8-A06Y-01	LumA	LumA	LumA		0.8864
TCGA-A8-A06Z-01	LumB	LumB	LumB		0.8996
TCGA-A8-A075-01	Her2	LumB	LumB		0.6706
TCGA-A8-A076-01	Her2	LumB	LumB		0.7129
TCGA-A8-A079-01	LumB	LumB	LumB		0.8402
TCGA-A8-A07B-01	Her2	LumA	LumA		0.7587
TCGA-A8-A07C-01	Basal	Basal	Basal		0.7396
TCGA-A8-A07E-01	LumB	LumA	LumA		0.656
TCGA-A8-A07F-01	LumB	LumA	LumA		0.7302
TCGA-A8-A07G-01	LumA	LumA	LumA		0.6288
TCGA-A8-A07I-01	Her2	Her2	Her2		0.836
TCGA-A8-A07J-01	LumA	LumA	LumA		0.6573
TCGA-A8-A07L-01	LumB	LumB	LumB		0.8472
TCGA-A8-A07O-01	Basal	Basal	Basal		0.7915
TCGA-A8-A07P-01	LumB	LumA	LumA		0.733
TCGA-A8-A07R-01	Basal	Basal	Basal		0.893
TCGA-A8-A07S-01	LumB	LumB	LumB		0.8806
TCGA-A8-A07U-01	Basal	Basal	Basal		0.4026
TCGA-A8-A07W-01	LumB	LumB	LumB		0.7274
TCGA-A8-A07Z-01	LumB		LumB		0.8806
TCGA-A8-A081-01	LumB	LumB	LumB		0.7511
TCGA-A8-A082-01	LumB	LumB	LumB		0.7587
TCGA-A8-A083-01	LumA	LumA	LumA		0.893
TCGA-A8-A084-01	LumB	LumB	LumB		0.8224
TCGA-A8-A085-01	LumB	LumB	LumB		0.8605
TCGA-A8-A086-01	LumB	LumA	LumA		0.724
TCGA-A8-A08A-01	LumB		LumB		0.6746
TCGA-A8-A08B-01	Her2	Her2	Her2		0.7913
TCGA-A8-A08C-01	LumB	LumA	LumA		0.8423
TCGA-A8-A08F-01	LumB	LumB	LumB		0.7413
TCGA-A8-A08G-01	LumB	LumB	LumB		0.7383
TCGA-A8-A08H-01	Basal	Normal	Normal		0.3776
TCGA-A8-A08I-01	LumB	LumB	LumB		0.7019
TCGA-A8-A08J-01	Her2	Her2	Her2		0.7508
TCGA-A8-A08L-01	Her2	Her2	Her2		0.7132
TCGA-A8-A08O-01	LumA	LumA	LumA		0.8251
TCGA-A8-A08P-01	LumB	LumB	LumB		0.6126
TCGA-A8-A08R-01	Basal	Basal	Basal		0.6015
TCGA-A8-A08S-01	LumB	LumB	LumB		0.8646
TCGA-A8-A08T-01	LumB	LumA	LumA		0.7913
TCGA-A8-A08X-01	Her2	Her2	Her2		0.5296
TCGA-A8-A08Z-01	LumB	LumA	LumA		0.7508
TCGA-A8-A090-01	LumB	LumA	LumA		0.7223
TCGA-A8-A091-01	LumB	LumA	LumA		0.7984
TCGA-A8-A092-01	LumB	LumB	LumB		0.7971
TCGA-A8-A093-01	LumB	LumA	LumA		0.7953
TCGA-A8-A094-01	Her2	Her2	Her2		0.5718
TCGA-A8-A095-01	LumB	LumB	LumB		0.7011
TCGA-A8-A096-01	LumB	LumB	LumB		0.6573
TCGA-A8-A097-01	LumB	LumA	LumA		0.6655
TCGA-A8-A099-01	LumB	LumA	LumA		0.7718
TCGA-A8-A09A-01	LumA	LumA	LumA		0.6764
TCGA-A8-A09B-01	LumB	LumA	LumA		0.7784
TCGA-A8-A09C-01	LumB	LumB	LumB		0.8515
TCGA-A8-A09D-01	LumB	LumA	LumA		0.7034
TCGA-A8-A09E-01	LumB		LumB		0.8806
TCGA-A8-A09G-01	Her2	Her2	Her2		0.7041
TCGA-A8-A09I-01	LumB	LumB	LumB		0.7318
TCGA-A8-A09K-01	LumB	LumA	LumA		0.8836
TCGA-A8-A09M-01	LumB	LumB	LumB		0.836
TCGA-A8-A09N-01	LumB	LumB	LumB		0.7806
TCGA-A8-A09Q-01	LumB	LumB	LumB		0.5457
TCGA-A8-A09R-01	LumB	LumB	LumB		0.656
TCGA-A8-A09T-01	LumB	LumA	LumA		0.744
TCGA-A8-A09V-01	LumB	LumA	LumA		0.787
TCGA-A8-A09W-01	LumB	LumB	LumB		0.7019
TCGA-A8-A09X-01	Her2	Her2	Her2		0.474
TCGA-A8-A09Z-01	LumB		LumB		0.7913
TCGA-A8-A0A1-01	LumB	LumA	LumA		0.6573
TCGA-A8-A0A2-01	LumA	LumA	LumA		0.769
TCGA-A8-A0A4-01	LumA	LumA	LumA		0.787
TCGA-A8-A0A6-01	LumA	LumA	LumA		0.6691
TCGA-A8-A0A7-01	Her2	Her2	Her2		0.3716
TCGA-A8-A0A9-01	LumB	LumA	LumA		0.7913
TCGA-A8-A0AB-01	LumB	LumA	LumA		0.9078
TCGA-A8-A0AD-01	LumB	LumA	LumA		0.7413
TCGA-AC-A23C-01	LumB	LumA	LumA		0.6347
TCGA-AC-A23E-01	LumA	LumA	LumA		0.5792
TCGA-AC-A23G-01	Normal	LumA	LumA		0.5808
TCGA-AC-A23H-01	Her2	Her2	Her2		0.8197
TCGA-AC-A23H-11	Normal	Normal	Normal		
TCGA-AC-A2B8-01	LumA	LumA	LumA		0.6892
TCGA-AC-A2BK-01	Basal	Basal	Basal		0.9767
TCGA-AC-A2BM-01	LumB	LumB	LumB		0.727
TCGA-AC-A2FB-01	LumA	LumA	LumA		0.4436
TCGA-AC-A2FB-11	Normal	Normal	Normal		
TCGA-AC-A2FE-01	LumA		LumA		0.5379
TCGA-AC-A2FF-01	Normal	LumA	LumA		0.6667
TCGA-AC-A2FF-11	Normal	Normal	Normal		
TCGA-AC-A2FG-01	LumA	LumA	LumA		0.7895
TCGA-AC-A2FK-01	Normal	Normal	Normal		0.8222
TCGA-AC-A2FM-01	LumA		LumA		0.8989
TCGA-AC-A2FM-11	Normal		Normal		
TCGA-AC-A2FO-01	LumA	LumA	LumA		0.5956
TCGA-AC-A2QH-01	Basal	Basal	Basal		0.7951
TCGA-AC-A2QI-01	LumA		LumA		0.7098
TCGA-AC-A2QJ-01	Basal		Basal		0.4884
TCGA-AC-A3BB-01	LumA		LumA		0.5299
TCGA-AC-A3EH-01	LumA		LumA		0.8033
TCGA-AC-A3HN-01	LumA	LumA	LumA		0.6751
TCGA-AC-A3OD-01	LumA	LumA	LumA		0.6141
TCGA-AC-A3QP-01	LumA		LumA		0.804
TCGA-AC-A3QQ-01	Her2		Her2		0.7771
TCGA-AC-A3TM-01	LumB		LumB		0.8322
TCGA-AC-A3TN-01	LumA		LumA		0.8632
TCGA-AC-A3W5-01	Her2		Her2		0.6823
TCGA-AC-A3W6-01	LumB		LumB		0.5696
TCGA-AC-A3W7-01	LumA		LumA		0.7726
TCGA-AC-A3YI-01	Normal		Normal		0.607
TCGA-AC-A3YJ-01	LumB		LumB		0.7918
TCGA-AC-A4ZE-01	LumB		LumB		0.8169
TCGA-AC-A5EH-01	Her2		Her2		0.7604
TCGA-AC-A5XS-01	LumB		LumB		0.656
TCGA-AC-A5XU-01	LumB		LumB		0.7798
TCGA-AC-A62V-01	LumB		LumB		0.7923
TCGA-AC-A62X-01	Basal		Basal		0.9269
TCGA-AC-A62Y-01	LumB		LumB		0.7913
TCGA-AC-A6IV-01	LumB		LumB		0.6198
TCGA-AC-A6IW-01	Basal		Basal		0.5423
TCGA-AC-A6IX-01	LumA		LumA		
TCGA-AC-A6IX-06	LumB		LumB		0.6047
TCGA-AC-A6NO-01	LumA		LumA		0.8625
TCGA-AC-A7VB-01	LumB		LumB		0.9649
TCGA-AC-A7VC-01	Basal		Basal		0.6409
TCGA-AC-A8OP-01	LumA		LumA		0.762
TCGA-AC-A8OQ-01	Basal		Basal		0.5986
TCGA-AC-A8OR-01	LumA		LumA		0.8006
TCGA-AC-A8OS-01	LumA		LumA		0.6523
TCGA-AN-A03X-01	LumB	LumA	LumA		0.6844
TCGA-AN-A03Y-01	LumB	LumB	LumB		0.7892
TCGA-AN-A041-01	LumB	LumA	LumA		0.7223
TCGA-AN-A046-01	LumB	LumA	LumA		0.7034
TCGA-AN-A049-01	LumB	LumA	LumA		0.6627
TCGA-AN-A04A-01	LumA	LumA	LumA		0.7125
TCGA-AN-A04C-01	Her2	Her2	Her2		0.8375
TCGA-AN-A04D-01	Basal	Basal	Basal		0.9699
TCGA-AN-A0AJ-01	LumB	LumB	LumB		0.7697
TCGA-AN-A0AK-01	LumB	LumB	LumB		0.8077
TCGA-AN-A0AL-01	Basal	Basal	Basal		0.6126
TCGA-AN-A0AM-01	LumB	LumB	LumB		0.7049
TCGA-AN-A0AR-01	Basal		Basal		0.9397
TCGA-AN-A0AS-01	LumB	LumA	LumA		0.6939
TCGA-AN-A0AT-01	Basal	Basal	Basal		0.7913
TCGA-AN-A0FD-01	LumB	LumA	LumA		0.8136
TCGA-AN-A0FF-01	LumB	LumB	LumB		0.8646
TCGA-AN-A0FJ-01	Basal	Basal	Basal		0.8179
TCGA-AN-A0FK-01	LumB	LumA	LumA		0.8266
TCGA-AN-A0FL-01	Basal	Basal	Basal		0.9115
TCGA-AN-A0FN-01	LumB	LumA	LumA		0.4
TCGA-AN-A0FS-01	LumA	LumA	LumA		0.7357
TCGA-AN-A0FT-01	Her2	LumA	LumA		0.7243
TCGA-AN-A0FV-01	Her2	Her2	Her2		0.7019
TCGA-AN-A0FW-01	LumB	LumA	LumA		0.7805
TCGA-AN-A0FX-01	Basal	Basal	Basal		0.8136
TCGA-AN-A0FY-01	LumB	LumB	LumB		0.7921
TCGA-AN-A0FZ-01	LumB	LumA	LumA		0.7466
TCGA-AN-A0G0-01	Basal	Basal	Basal		0.8131
TCGA-AN-A0XL-01	LumA	LumA	LumA		0.6888
TCGA-AN-A0XN-01	Her2	LumA	LumA		0.6999
TCGA-AN-A0XO-01	LumA	LumA	LumA		0.8323
TCGA-AN-A0XP-01	LumA	LumA	LumA		0.8277
TCGA-AN-A0XR-01	LumB	LumB	LumB		0.9256
TCGA-AN-A0XS-01	LumA	LumA	LumA		0.7201
TCGA-AN-A0XT-01	LumA	LumA	LumA		0.8163
TCGA-AN-A0XU-01	Basal	Basal	Basal		0.7875
TCGA-AN-A0XV-01	LumB	LumA	LumA		0.7121
TCGA-AN-A0XW-01	LumB	LumA	LumA		0.6989
TCGA-AO-A03L-01	Her2	LumA	LumA		0.7349
TCGA-AO-A03M-01	Her2	LumA	LumA		0.6514
TCGA-AO-A03N-01	LumB	LumB	LumB		0.7942
TCGA-AO-A03O-01	LumB	LumB	LumB		0.7688
TCGA-AO-A03P-01	LumB	LumB	LumB		0.8316
TCGA-AO-A03R-01	LumB	Normal	Normal		0.7243
TCGA-AO-A03T-01	LumB	Normal	Normal		0.813
TCGA-AO-A03U-01	Basal	Normal	Normal		0.6747
TCGA-AO-A03V-01	LumA	LumA	LumA		0.7466
TCGA-AO-A0J2-01	Her2	Her2	Her2		0.7887
TCGA-AO-A0J3-01	LumB	LumB	LumB		0.945
TCGA-AO-A0J4-01	Basal	Basal	Basal		0.661
TCGA-AO-A0J5-01	LumB	LumA	LumA		0.6372
TCGA-AO-A0J6-01	Basal	Basal	Basal		0.7779
TCGA-AO-A0J7-01	LumB	LumB	LumB		0.893
TCGA-AO-A0J8-01	LumB	LumA	LumA		0.769
TCGA-AO-A0J9-01	LumB	LumA	LumA		0.5233
TCGA-AO-A0JA-01	LumB	LumA	LumA		0.79
TCGA-AO-A0JB-01	Basal		Basal		0.8334
TCGA-AO-A0JC-01	LumB	LumA	LumA		0.1344
TCGA-AO-A0JD-01	LumB	LumB	LumB		0.7512
TCGA-AO-A0JE-01	Her2	Her2	Her2		0.6612
TCGA-AO-A0JF-01	LumA	LumA	LumA		0.7511
TCGA-AO-A0JG-01	LumA	LumA	LumA		0.7331
TCGA-AO-A0JI-01	LumB	LumA	LumA		0.9084
TCGA-AO-A0JJ-01	LumA	LumA	LumA		0.6854
TCGA-AO-A0JL-01	Basal	Basal	Basal		0.8053
TCGA-AO-A0JM-01	Her2	LumB	LumB		0.7582
TCGA-AO-A124-01	Basal	Basal	Basal		0.8859
TCGA-AO-A125-01	LumB	LumA	LumA		0.984
TCGA-AO-A126-01	LumB	LumA	LumA		0.8614
TCGA-AO-A128-01	Basal	Basal	Basal		0.4024
TCGA-AO-A129-01	Basal	Basal	Basal		0.6281
TCGA-AO-A12A-01	LumA	LumA	LumA		0.6831
TCGA-AO-A12B-01	LumB	LumA	LumA		0.9025
TCGA-AO-A12C-01	LumA	LumA	LumA		0.8583
TCGA-AO-A12D-01	Her2	Her2	Her2		0.4647
TCGA-AO-A12E-01	LumA	LumA	LumA		0.6979
TCGA-AO-A12F-01	Basal	Basal	Basal		0.7978
TCGA-AO-A12G-01	LumA	LumA	LumA		0.8106
TCGA-AO-A12H-01	LumB	LumA	LumA		0.7787
TCGA-AO-A1KO-01	Normal	Normal	Normal		0.7957
TCGA-AO-A1KP-01	LumB	LumB	LumB		0.9611
TCGA-AO-A1KQ-01	LumB	LumB	LumB		0.7314
TCGA-AO-A1KR-01	Basal	Basal	Basal		0.7423
TCGA-AO-A1KS-01	LumB	LumB	LumB		0.7771
TCGA-AO-A1KT-01	LumB	LumB	LumB		0.7696
TCGA-AQ-A04H-01	LumB	LumB	LumB		0.8719
TCGA-AQ-A04J-01	Basal	Basal	Basal		0.5991
TCGA-AQ-A04L-01	Her2	LumA	LumA		0.8262
TCGA-AQ-A0Y5-01	Her2	LumA	LumA		0.7019
TCGA-AQ-A1H2-01	LumA	LumA	LumA		0.894
TCGA-AQ-A1H3-01	LumA	LumA	LumA		0.7233
TCGA-AQ-A54N-01	Basal		Basal		0.9075
TCGA-AQ-A54O-01	LumB		LumB		0.7984
TCGA-AQ-A7U7-01	LumA		LumA		0.5218
TCGA-AR-A0TP-01	Basal	Basal	Basal		0.9681
TCGA-AR-A0TQ-01	Her2	LumB	LumB		0.7026
TCGA-AR-A0TR-01	LumA	LumA	LumA		0.9022
TCGA-AR-A0TS-01	Basal	Basal	Basal		0.4654
TCGA-AR-A0TT-01	LumB	LumB	LumB		0.5199
TCGA-AR-A0TU-01	Basal	Basal	Basal		0.8189
TCGA-AR-A0TV-01	LumB	LumB	LumB		0.7775
TCGA-AR-A0TW-01	LumB	LumA	LumA		0.7947
TCGA-AR-A0TX-01	Her2	Her2	Her2		0.5818
TCGA-AR-A0TY-01	LumB	LumB	LumB		0.8835
TCGA-AR-A0TZ-01	LumB	LumA	LumA		0.8597
TCGA-AR-A0U0-01	Basal	Basal	Basal		0.5965
TCGA-AR-A0U1-01	Basal	Basal	Basal		0.6227
TCGA-AR-A0U2-01	LumB	LumB	LumB		0.7958
TCGA-AR-A0U3-01	LumB	LumA	LumA		0.8902
TCGA-AR-A0U4-01	Basal	Basal	Basal		0.4542
TCGA-AR-A1AH-01	Basal	Basal	Basal		0.9104
TCGA-AR-A1AI-01	Basal	Basal	Basal		0.5233
TCGA-AR-A1AJ-01	Basal	Basal	Basal		0.41
TCGA-AR-A1AK-01	LumA	LumA	LumA		0.5835
TCGA-AR-A1AL-01	LumA	LumA	LumA		0.6334
TCGA-AR-A1AM-01	LumA		LumA		0.7182
TCGA-AR-A1AN-01	LumB	LumA	LumA		0.6708
TCGA-AR-A1AO-01	Basal	Normal	Normal		0.4766
TCGA-AR-A1AP-01	LumB	LumA	LumA		0.7471
TCGA-AR-A1AQ-01	Basal	Basal	Basal		0.5404
TCGA-AR-A1AR-01	Basal	Basal	Basal		0.6122
TCGA-AR-A1AS-01	LumB	LumA	LumA		0.8509
TCGA-AR-A1AT-01	Her2		Her2		0.5659
TCGA-AR-A1AU-01	LumA	LumA	LumA		0.7646
TCGA-AR-A1AV-01	LumB	LumA	LumA		0.7856
TCGA-AR-A1AW-01	LumB	LumB	LumB		0.3857
TCGA-AR-A1AX-01	Her2	LumA	LumA		0.3705
TCGA-AR-A1AY-01	Basal	Basal	Basal		0.8587
TCGA-AR-A24H-01	LumB	LumB	LumB		0.855
TCGA-AR-A24K-01	LumB	LumB	LumB		0.8974
TCGA-AR-A24L-01	LumB	LumA	LumA		0.7182
TCGA-AR-A24M-01	LumA	LumA	LumA		0.7982
TCGA-AR-A24N-01	LumB	LumB	LumB		0.8511
TCGA-AR-A24O-01	LumA	LumA	LumA		0.6188
TCGA-AR-A24P-01	LumB	LumA	LumA		0.7805
TCGA-AR-A24Q-01	Basal	Basal	Basal		0.6575
TCGA-AR-A24R-01	LumB	LumB	LumB		0.7847
TCGA-AR-A24S-01	LumB	LumB	LumB		0.5987
TCGA-AR-A24T-01	LumA	LumA	LumA		0.746
TCGA-AR-A24U-01	Her2	Her2	Her2		0.4064
TCGA-AR-A24V-01	LumB	LumA	LumA		0.746
TCGA-AR-A24W-01	LumA	LumA	LumA		0.6138
TCGA-AR-A24X-01	LumB	LumA	LumA		0.7985
TCGA-AR-A24Z-01	LumB	LumB	LumB		0.8886
TCGA-AR-A250-01	Her2	LumB	LumB		0.5916
TCGA-AR-A251-01	Basal	Basal	Basal		0.8039
TCGA-AR-A252-01	LumA	LumA	LumA		0.4382
TCGA-AR-A254-01	Her2	Her2	Her2		0.6458
TCGA-AR-A255-01	LumB	LumA	LumA		0.6931
TCGA-AR-A256-01	Basal	Basal	Basal		0.8204
TCGA-AR-A2LE-01	LumA	LumA	LumA		0.8306
TCGA-AR-A2LH-01	Basal	Normal	Normal		0.4697
TCGA-AR-A2LJ-01	LumA		LumA		0.652
TCGA-AR-A2LK-01	LumB	LumB	LumB		0.8692
TCGA-AR-A2LL-01	LumB	LumB	LumB		0.8337
TCGA-AR-A2LM-01	LumA	LumA	LumA		0.7744
TCGA-AR-A2LN-01	LumA	LumA	LumA		0.6702
TCGA-AR-A2LO-01	LumA	LumA	LumA		0.6388
TCGA-AR-A2LQ-01	Normal	Normal	Normal		0.5055
TCGA-AR-A2LR-01	Basal	Basal	Basal		0.87
TCGA-AR-A5QM-01	LumA		LumA		0.6158
TCGA-AR-A5QN-01	LumA		LumA		0.7466
TCGA-AR-A5QP-01	LumA		LumA		0.7489
TCGA-AR-A5QQ-01	Basal		Basal		0.4909
TCGA-B6-A0I1-01	Basal	Basal	Basal		0.8198
TCGA-B6-A0I2-01	Basal	Basal	Basal		0.6522
TCGA-B6-A0I5-01	LumA	LumA	LumA		0.7466
TCGA-B6-A0I6-01	Basal	Basal	Basal		0.8137
TCGA-B6-A0I8-01	LumB	LumA	LumA		0.8528
TCGA-B6-A0I9-01	Her2	Her2	Her2		0.7508
TCGA-B6-A0IA-01	LumB	LumA	LumA		0.929
TCGA-B6-A0IB-01	LumB	LumB	LumB		0.8646
TCGA-B6-A0IC-01	LumB	LumA	LumA		0.9736
TCGA-B6-A0IE-01	LumB	LumA	LumA		0.8136
TCGA-B6-A0IG-01	Her2	LumA	LumA		0.8526
TCGA-B6-A0IH-01	LumA	LumA	LumA		0.6066
TCGA-B6-A0IJ-01	Basal	Basal	Basal		0.6333
TCGA-B6-A0IK-01	Her2	Her2	Her2		0.8024
TCGA-B6-A0IM-01	LumB	LumA	LumA		0.8136
TCGA-B6-A0IN-01	LumB	LumB	LumB		0.7223
TCGA-B6-A0IO-01	LumB	LumA	LumA		0.8583
TCGA-B6-A0IP-01	LumA	LumA	LumA		0.805
TCGA-B6-A0IQ-01	Basal	Basal	Basal		0.7019
TCGA-B6-A0RE-01	Basal	Basal	Basal		0.7943
TCGA-B6-A0RG-01	LumB	LumA	LumA		0.8958
TCGA-B6-A0RH-01	Her2	Her2	Her2		0.7792
TCGA-B6-A0RI-01	LumB	LumA	LumA		0.8374
TCGA-B6-A0RL-01	LumB	LumB	LumB		0.9797
TCGA-B6-A0RM-01	LumB	LumA	LumA		0.931
TCGA-B6-A0RN-01	LumA	LumA	LumA		0.8504
TCGA-B6-A0RO-01	LumA	LumA	LumA		0.8227
TCGA-B6-A0RP-01	LumA	LumA	LumA		0.7733
TCGA-B6-A0RQ-01	Normal	Normal	Normal		0.791
TCGA-B6-A0RS-01	Her2	Her2	Her2		0.7197
TCGA-B6-A0RT-01	Basal	Basal	Basal		0.3032
TCGA-B6-A0RU-01	Basal	Basal	Basal		0.8273
TCGA-B6-A0RV-01	LumA	LumA	LumA		0.7694
TCGA-B6-A0WS-01	LumB	LumA	LumA		0.656
TCGA-B6-A0WT-01	LumA	LumA	LumA		0.7788
TCGA-B6-A0WV-01	LumB	LumB	LumB		0.8728
TCGA-B6-A0WW-01	LumB	LumB	LumB		0.8315
TCGA-B6-A0WX-01	Basal	Basal	Basal		0.5499
TCGA-B6-A0WY-01	Normal	LumA	LumA		0.7754
TCGA-B6-A0WZ-01	LumB	LumA	LumA		0.8586
TCGA-B6-A0X0-01	LumA	LumA	LumA		0.8077
TCGA-B6-A0X1-01	Basal	Basal	Basal		0.8146
TCGA-B6-A0X4-01	LumA	LumA	LumA		0.9189
TCGA-B6-A0X5-01	LumB	LumB	LumB		0.8977
TCGA-B6-A0X7-01	LumA	LumA	LumA		0.7458
TCGA-B6-A1KC-01	LumB	LumB	LumB		0.9052
TCGA-B6-A1KF-01	Basal	Basal	Basal		0.9309
TCGA-B6-A1KI-01	LumA	LumA	LumA		0.7888
TCGA-B6-A1KN-01	LumB	LumB	LumB		0.7427
TCGA-B6-A2IU-01	LumA	LumA	LumA		0.852
TCGA-B6-A3ZX-01	Basal		Basal		0.4662
TCGA-B6-A400-01	Basal		Basal		0.6898
TCGA-B6-A401-01	LumA		LumA		0.6744
TCGA-B6-A402-01	Basal		Basal		0.8997
TCGA-B6-A408-01	LumA		LumA		0.8016
TCGA-B6-A409-01	Basal		Basal		0.7701
TCGA-B6-A40B-01	LumA		LumA		0.7592
TCGA-B6-A40C-01	LumB		LumB		0.7913
TCGA-BH-A0AU-01	LumB	LumB	LumB		0.652
TCGA-BH-A0AU-11	Normal	Normal	Normal		
TCGA-BH-A0AV-01	Basal	Basal	Basal		0.6844
TCGA-BH-A0AW-01	Her2	Her2	Her2		0.6617
TCGA-BH-A0AY-01	LumB	LumA	LumA		0.5612
TCGA-BH-A0AY-11	Normal	Normal	Normal		
TCGA-BH-A0AZ-01	LumA	LumA	LumA		0.6655
TCGA-BH-A0AZ-11	Normal	Normal	Normal		
TCGA-BH-A0B0-01	LumA	LumA	LumA		0.6749
TCGA-BH-A0B1-01	LumB	LumA	LumA		0.753
TCGA-BH-A0B2-01	LumA	LumA	LumA		0.7749
TCGA-BH-A0B2-11	Normal	Normal	Normal		
TCGA-BH-A0B3-01	Basal	Basal	Basal		0.646
TCGA-BH-A0B3-11	Normal	Normal	Normal		
TCGA-BH-A0B4-01	LumB	LumA	LumA		0.6749
TCGA-BH-A0B5-01	LumB	LumA	LumA		0.6566
TCGA-BH-A0B5-11	LumA	LumA	Normal		
TCGA-BH-A0B6-01	LumA		LumA		0.4975
TCGA-BH-A0B7-01	Her2	Her2	Her2		0.4954
TCGA-BH-A0B7-11	Normal	Normal	Normal		
TCGA-BH-A0B8-01	LumA	LumA	LumA		0.9342
TCGA-BH-A0B8-11	Normal	Normal	Normal		
TCGA-BH-A0B9-01	Basal		Basal		0.7243
TCGA-BH-A0BA-01	LumA	LumA	LumA		0.7278
TCGA-BH-A0BA-11	Normal	Normal	Normal		
TCGA-BH-A0BC-01	LumB	LumA	LumA		0.7727
TCGA-BH-A0BC-11	Normal	Normal	Normal		
TCGA-BH-A0BD-01	LumB	LumB	LumB		0.7913
TCGA-BH-A0BF-01	LumB	LumB	LumB		0.5676
TCGA-BH-A0BG-01	Basal	Basal	Basal		0.6749
TCGA-BH-A0BJ-01	LumA	LumA	LumA		0.7458
TCGA-BH-A0BJ-11	Normal	Normal	Normal		
TCGA-BH-A0BL-01	Basal	Basal	Basal		0.5873
TCGA-BH-A0BM-01	LumA	LumA	LumA		0.7886
TCGA-BH-A0BM-11	Normal	Normal	Normal		
TCGA-BH-A0BO-01	LumA	LumA	LumA		0.5193
TCGA-BH-A0BP-01	LumA	LumA	LumA		0.6597
TCGA-BH-A0BQ-01	LumA	LumA	LumA		0.5779
TCGA-BH-A0BQ-11	Normal	Normal	Normal		
TCGA-BH-A0BR-01	Her2	LumA	LumA		0.5233
TCGA-BH-A0BS-01	LumB	LumA	LumA		0.8722
TCGA-BH-A0BS-11	Normal	Normal	Normal		
TCGA-BH-A0BT-01	LumA	LumA	LumA		0.7751
TCGA-BH-A0BT-11	LumA	Normal	Normal		
TCGA-BH-A0BV-01	LumB	LumA	LumA		0.6749
TCGA-BH-A0BV-11	Normal	Normal	Normal		
TCGA-BH-A0BW-01	Basal	Basal	Basal		0.6749
TCGA-BH-A0BW-11	Basal	Normal	Normal		
TCGA-BH-A0BZ-01	LumB	LumB	LumB		0.5138
TCGA-BH-A0BZ-11	Normal	Normal	Normal		
TCGA-BH-A0C0-01	LumB	LumB	LumB		0.5068
TCGA-BH-A0C0-11	Normal	Normal	Normal		
TCGA-BH-A0C1-01	LumB	LumA	LumA		0.6581
TCGA-BH-A0C3-01	LumB	LumB	LumB		0.528
TCGA-BH-A0C3-11	Normal	Normal	Normal		
TCGA-BH-A0C7-01	LumB	LumB	LumB		0.776
TCGA-BH-A0DD-01	LumB	LumB	LumB		0.8714
TCGA-BH-A0DD-11	LumA	LumA	Normal		
TCGA-BH-A0DE-01	LumA	LumA	LumA		0.6844
TCGA-BH-A0DG-01	LumB	LumA	LumA		0.5386
TCGA-BH-A0DG-11	Normal	Normal	Normal		
TCGA-BH-A0DH-01	LumA	LumA	LumA		0.8597
TCGA-BH-A0DH-11	Normal	Normal	Normal		
TCGA-BH-A0DI-01	LumA	LumA	LumA		0.5542
TCGA-BH-A0DK-01	LumB	LumA	LumA		0.6837
TCGA-BH-A0DK-11	LumA	LumA	Normal		
TCGA-BH-A0DL-01	Basal	Basal	Basal		0.6655
TCGA-BH-A0DL-11	Normal	Normal	Normal		
TCGA-BH-A0DO-01	LumA	LumA	LumA		0.7019
TCGA-BH-A0DO-11	Normal	Normal	Normal		
TCGA-BH-A0DP-01	LumA	LumA	LumA		0.655
TCGA-BH-A0DP-11	Normal	Normal	Normal		
TCGA-BH-A0DQ-01	LumB	LumA	LumA		0.7869
TCGA-BH-A0DQ-11	LumA	LumA	Normal		
TCGA-BH-A0DS-01	LumB	LumA	LumA		0.7423
TCGA-BH-A0DT-01	LumA	LumA	LumA		0.6659
TCGA-BH-A0DT-11	Normal	Normal	Normal		
TCGA-BH-A0DV-01	LumA	LumA	LumA		0.4856
TCGA-BH-A0DV-11	Normal	Normal	Normal		
TCGA-BH-A0DX-01	LumB	LumA	LumA		0.5327
TCGA-BH-A0DZ-01	Her2	LumA	LumA		0.7792
TCGA-BH-A0DZ-11	Normal		Normal		
TCGA-BH-A0E0-01	Basal	Basal	Basal		0.7486
TCGA-BH-A0E0-11	Normal	Normal	Normal		
TCGA-BH-A0E1-01	LumB	LumA	LumA		0.8524
TCGA-BH-A0E1-11	Normal	Normal	Normal		
TCGA-BH-A0E2-01	LumB	LumA	LumA		0.8287
TCGA-BH-A0E6-01	Basal	Basal	Basal		0.7617
TCGA-BH-A0E7-01	LumA	LumA	LumA		0.8646
TCGA-BH-A0E9-01	LumA	LumA	LumA		0.7531
TCGA-BH-A0EA-01	LumA	LumA	LumA		0.684
TCGA-BH-A0EB-01	LumA	LumA	LumA		0.5517
TCGA-BH-A0EE-01	Her2	Her2	Her2		0.8136
TCGA-BH-A0EI-01	LumA	LumA	LumA		0.8077
TCGA-BH-A0GY-01	LumB	LumA	LumA		0.7539
TCGA-BH-A0GZ-01	LumA	LumA	LumA		0.7978
TCGA-BH-A0H0-01	LumB	LumB	LumB		0.9449
TCGA-BH-A0H3-01	LumA	LumA	LumA		0.656
TCGA-BH-A0H5-01	LumA	LumA	LumA		0.1632
TCGA-BH-A0H5-11	Normal	Normal	Normal		
TCGA-BH-A0H6-01	LumA	LumA	LumA		0.8311
TCGA-BH-A0H7-01	LumB	LumA	LumA		0.7534
TCGA-BH-A0H7-11	Normal	Normal	Normal		
TCGA-BH-A0H9-01	LumB	LumA	LumA		0.747
TCGA-BH-A0H9-11	Normal		Normal		
TCGA-BH-A0HA-01	LumA	LumA	LumA		0.7386
TCGA-BH-A0HA-11	Normal	Normal	Normal		
TCGA-BH-A0HB-01	LumB	LumA	LumA		0.7964
TCGA-BH-A0HF-01	LumA	LumA	LumA		0.7424
TCGA-BH-A0HI-01	LumA	LumA	LumA		0.8536
TCGA-BH-A0HK-01	LumA	LumA	LumA		0.8357
TCGA-BH-A0HK-11	Normal	Normal	Normal		
TCGA-BH-A0HL-01	LumB		LumB		0.8835
TCGA-BH-A0HN-01	LumB		LumB		0.903
TCGA-BH-A0HO-01	LumA	LumA	LumA		0.7019
TCGA-BH-A0HP-01	LumA	LumA	LumA		0.6866
TCGA-BH-A0HQ-01	LumA	LumA	LumA		0.7576
TCGA-BH-A0HU-01	LumB	LumB	LumB		0.8583
TCGA-BH-A0HW-01	LumB	LumB	LumB		0.9767
TCGA-BH-A0HX-01	LumB	LumA	LumA		0.7759
TCGA-BH-A0HY-01	Her2	LumB	LumB		0.8838
TCGA-BH-A0RX-01	Basal	Basal	Basal		0.366
TCGA-BH-A0W3-01	LumB	LumB	LumB		0.8827
TCGA-BH-A0W4-01	LumA	LumA	LumA		0.8002
TCGA-BH-A0W5-01	LumA	LumA	LumA		0.514
TCGA-BH-A0W7-01	Her2	LumA	LumA		0.7034
TCGA-BH-A0WA-01	Basal	Basal	Basal		0.7925
TCGA-BH-A18F-01	Her2	LumA	LumA		0.6309
TCGA-BH-A18G-01	Basal	Basal	Basal		0.912
TCGA-BH-A18H-01	LumA	LumA	LumA		0.5548
TCGA-BH-A18I-01	LumA	LumA	LumA		0.7034
TCGA-BH-A18J-01	LumB	LumA	LumA		0.7243
TCGA-BH-A18J-11	Normal	Normal	Normal		
TCGA-BH-A18K-01	LumB	LumA	LumA		0.7468
TCGA-BH-A18K-11	Normal	Normal	Normal		
TCGA-BH-A18L-01	LumB	LumB	LumB		0.9113
TCGA-BH-A18L-11	Normal	Normal	Normal		
TCGA-BH-A18M-01	LumA	LumA	LumA		0.6525
TCGA-BH-A18M-11	Normal	Normal	Normal		
TCGA-BH-A18N-01	LumB	LumA	LumA		0.832
TCGA-BH-A18N-11	LumA	Normal	Normal		
TCGA-BH-A18P-01	Her2	Her2	Her2		0.836
TCGA-BH-A18P-11	Normal	Normal	Normal		
TCGA-BH-A18Q-01	Basal	Basal	Basal		0.836
TCGA-BH-A18Q-11	Normal	Normal	Normal		
TCGA-BH-A18R-01	Her2	Her2	Her2		0.7466
TCGA-BH-A18R-11	Normal	Normal	Normal		
TCGA-BH-A18S-01	LumA	LumA	LumA		0.8676
TCGA-BH-A18S-11	Normal	Normal	Normal		
TCGA-BH-A18T-01	Basal	Basal	Basal		0.8266
TCGA-BH-A18U-01	LumB	LumB	LumB		0.8077
TCGA-BH-A18U-11	Normal	Normal	Normal		
TCGA-BH-A18V-01	Basal	Basal	Basal		
TCGA-BH-A18V-06	Basal	Basal	Basal		0.6021
TCGA-BH-A18V-11	Normal	Normal	Normal		
TCGA-BH-A1EN-01	Her2	Her2	Her2		0.8179
TCGA-BH-A1EN-11	Normal	Normal	Normal		
TCGA-BH-A1EO-01	LumB	LumA	LumA		0.7493
TCGA-BH-A1EO-11	Normal	LumA	Normal		
TCGA-BH-A1ES-01	LumB	LumA	LumA		
TCGA-BH-A1ES-06	LumA		LumA		0.9443
TCGA-BH-A1ET-01	LumA	LumA	LumA		0.8442
TCGA-BH-A1ET-11	LumA	Normal	Normal		
TCGA-BH-A1EU-01	LumA	LumA	LumA		0.4299
TCGA-BH-A1EU-11	Normal	Normal	Normal		
TCGA-BH-A1EV-01	Her2	Her2	Her2		0.817
TCGA-BH-A1EV-11	Normal	Normal	Normal		
TCGA-BH-A1EW-01	LumB	LumA	LumA		0.5972
TCGA-BH-A1EW-11	LumA	LumA	Normal		
TCGA-BH-A1EX-01	Her2	LumA	LumA		0.7618
TCGA-BH-A1EY-01	LumB	LumA	LumA		0.6308
TCGA-BH-A1F0-01	Basal	Basal	Basal		0.358
TCGA-BH-A1F0-11	Normal	Normal	Normal		
TCGA-BH-A1F2-01	LumB	LumB	LumB		0.754
TCGA-BH-A1F2-11	Normal	Normal	Normal		
TCGA-BH-A1F5-01	LumA	LumA	LumA		0.8969
TCGA-BH-A1F6-01	Basal	Basal	Basal		0.6316
TCGA-BH-A1F6-11	Normal	Normal	Normal		
TCGA-BH-A1F8-01	LumB	LumB	LumB		0.8885
TCGA-BH-A1F8-11	Normal	Normal	Normal		
TCGA-BH-A1FB-01	LumA	LumA	LumA		0.6007
TCGA-BH-A1FB-11	Normal	Normal	Normal		
TCGA-BH-A1FC-01	Basal	Basal	Basal		0.6517
TCGA-BH-A1FC-11	Normal	Normal	Normal		
TCGA-BH-A1FD-01	LumB	LumB	LumB		0.8692
TCGA-BH-A1FD-11	Normal	Normal	Normal		
TCGA-BH-A1FE-01	Her2	LumA	LumA		
TCGA-BH-A1FE-06	Basal	Normal	Normal		0.5026
TCGA-BH-A1FE-11	Normal	Normal	Normal		
TCGA-BH-A1FG-01	LumA	LumA	LumA		0.9042
TCGA-BH-A1FG-11	Normal	Normal	Normal		
TCGA-BH-A1FH-01	Normal	LumA	LumA		0.6881
TCGA-BH-A1FH-11	Normal	Normal	Normal		
TCGA-BH-A1FJ-01	LumB	LumB	LumB		0.9548
TCGA-BH-A1FJ-11	Normal	Normal	Normal		
TCGA-BH-A1FL-01	LumB	LumA	LumA		0.8912
TCGA-BH-A1FM-01	LumB	LumB	LumB		0.7874
TCGA-BH-A1FM-11	Normal	Normal	Normal		
TCGA-BH-A1FN-01	LumB	LumB	LumB		0.8313
TCGA-BH-A1FN-11	Normal	Normal	Normal		
TCGA-BH-A1FR-01	LumB	LumA	LumA		0.7881
TCGA-BH-A1FR-11	Normal	Normal	Normal		
TCGA-BH-A1FU-01	Her2	Normal	Normal		0.6121
TCGA-BH-A1FU-11	Normal	Normal	Normal		
TCGA-BH-A201-01	Normal	LumA	LumA		0.7648
TCGA-BH-A202-01	LumB	LumB	LumB		0.6758
TCGA-BH-A203-01	Her2	Her2	Her2		0.5905
TCGA-BH-A203-11	Normal	Normal	Normal		
TCGA-BH-A204-01	LumB	LumB	LumB		0.9601
TCGA-BH-A204-11	Normal	Normal	Normal		
TCGA-BH-A208-01	Her2	Normal	Normal		0.5642
TCGA-BH-A208-11	Normal	Normal	Normal		
TCGA-BH-A209-01	LumB	LumB	LumB		0.4645
TCGA-BH-A209-11	Normal	Normal	Normal		
TCGA-BH-A28O-01	Normal		Normal		0.8591
TCGA-BH-A28Q-01	LumA	LumA	LumA		0.8503
TCGA-BH-A2L8-01	LumA	LumA	LumA		0.5579
TCGA-BH-A42T-01	LumB		LumB		0.7107
TCGA-BH-A42U-01	Normal		Normal		0.6973
TCGA-BH-A42V-01	LumA		LumA		0.6497
TCGA-BH-A5IZ-01	Basal		Basal		0.7992
TCGA-BH-A5J0-01	LumB		LumB		0.6386
TCGA-BH-A6R8-01	LumB		LumB		0.7913
TCGA-BH-A6R9-01	Basal		Basal		0.6509
TCGA-BH-A8FY-01	LumB		LumB		0.8839
TCGA-BH-A8FZ-01	Normal		Normal		0.6573
TCGA-BH-A8G0-01	LumA		LumA		0.6126
TCGA-BH-AB28-01	LumA		LumA		0.643
TCGA-C8-A12K-01	Basal	Basal	Basal		0.5578
TCGA-C8-A12L-01	Her2	Her2	Her2		0.7913
TCGA-C8-A12M-01	LumB	LumB	LumB		0.869
TCGA-C8-A12N-01	LumA	LumA	LumA		0.769
TCGA-C8-A12O-01	Her2	LumA	LumA		0.6455
TCGA-C8-A12P-01	Her2	Her2	Her2		0.6757
TCGA-C8-A12Q-01	Her2	Her2	Her2		0.6581
TCGA-C8-A12T-01	Her2	Her2	Her2		0.8266
TCGA-C8-A12U-01	LumB	LumB	LumB		0.7913
TCGA-C8-A12V-01	Basal	Basal	Basal		0.5043
TCGA-C8-A12W-01	Her2	LumB	LumB		0.6252
TCGA-C8-A12X-01	LumB	LumA	LumA		0.7991
TCGA-C8-A12Y-01	LumB	LumA	LumA		0.7913
TCGA-C8-A12Z-01	Her2	Her2	Her2		0.8648
TCGA-C8-A130-01	LumB	LumB	LumB		0.7243
TCGA-C8-A131-01	Basal	Basal	Basal		0.7024
TCGA-C8-A132-01	LumA	LumA	LumA		0.5228
TCGA-C8-A133-01	LumA	LumA	LumA		0.8806
TCGA-C8-A134-01	Basal	Basal	Basal		0.7792
TCGA-C8-A135-01	Her2	Her2	Her2		0.6789
TCGA-C8-A137-01	Her2	Her2	Her2		0.874
TCGA-C8-A138-01	Her2	Her2	Her2		0.5707
TCGA-C8-A1HE-01	LumA	LumA	LumA		0.8548
TCGA-C8-A1HF-01	Her2	Her2	Her2		0.6122
TCGA-C8-A1HG-01	LumB	LumB	LumB		0.6315
TCGA-C8-A1HI-01	LumA	LumA	LumA		0.675
TCGA-C8-A1HJ-01	Basal	Basal	Basal		0.8699
TCGA-C8-A1HK-01	Her2	Her2	Her2		0.8752
TCGA-C8-A1HL-01	LumB	LumB	LumB		0.8042
TCGA-C8-A1HM-01	LumB	LumB	LumB		0.5704
TCGA-C8-A1HN-01	LumB	LumB	LumB		0.8408
TCGA-C8-A1HO-01	LumB	LumA	LumA		0.9101
TCGA-C8-A26V-01	LumB	LumB	LumB		0.8558
TCGA-C8-A26W-01	LumB	LumB	LumB		0.7058
TCGA-C8-A26X-01	Her2	Her2	Her2		0.484
TCGA-C8-A26Y-01	Her2	Her2	Her2		0.7554
TCGA-C8-A26Z-01	LumB	LumA	LumA		0.8701
TCGA-C8-A273-01	LumB	LumA	LumA		0.8503
TCGA-C8-A274-01	LumB	LumB	LumB		0.8912
TCGA-C8-A275-01	Her2	Her2	Her2		0.6608
TCGA-C8-A278-01	Her2	Her2	Her2		0.498
TCGA-C8-A27A-01	LumB	LumB	LumB		0.8949
TCGA-C8-A27B-01	Basal	Basal	Basal		0.7069
TCGA-C8-A3M7-01	Normal	LumA	LumA		0.6962
TCGA-C8-A3M8-01	LumB	LumB	LumB		0.8177
TCGA-C8-A8HP-01	Her2		Her2		0.5794
TCGA-C8-A8HQ-01	LumB		LumB		0.6573
TCGA-C8-A8HR-01	Basal		Basal		0.6573
TCGA-D8-A13Y-01	LumB	LumB	LumB		0.971
TCGA-D8-A13Z-01	Her2	Her2	Her2		0.6349
TCGA-D8-A140-01	LumB	LumA	LumA		0.7561
TCGA-D8-A141-01	LumA	LumA	LumA		0.419
TCGA-D8-A142-01	Basal	Basal	Basal		0.6273
TCGA-D8-A143-01	Basal	Basal	Basal		0.8311
TCGA-D8-A145-01	LumA	LumA	LumA		0.6802
TCGA-D8-A146-01	LumA	LumA	LumA		0.6305
TCGA-D8-A147-01	Basal	Basal	Basal		0.7595
TCGA-D8-A1J8-01	LumB	LumB	LumB		0.7215
TCGA-D8-A1J9-01	Her2	LumB	LumB		0.667
TCGA-D8-A1JA-01	Her2	Her2	Her2		0.8858
TCGA-D8-A1JB-01	LumA	LumA	LumA		0.4648
TCGA-D8-A1JC-01	LumB	LumB	LumB		0.832
TCGA-D8-A1JD-01	LumB	LumB	LumB		0.6188
TCGA-D8-A1JE-01	LumB	LumB	LumB		0.6837
TCGA-D8-A1JF-01	Her2	Her2	Her2		0.7164
TCGA-D8-A1JG-01	Her2	Her2	Her2		0.5724
TCGA-D8-A1JH-01	LumA	LumA	LumA		0.6126
TCGA-D8-A1JI-01	LumB	LumB	LumB		0.899
TCGA-D8-A1JJ-01	LumB	LumB	LumB		0.7272
TCGA-D8-A1JK-01	Her2	Basal	Basal		0.5818
TCGA-D8-A1JL-01	Basal	Basal	Basal		0.4777
TCGA-D8-A1JM-01	Basal	Basal	Basal		0.9111
TCGA-D8-A1JN-01	LumA	LumA	LumA		0.9449
TCGA-D8-A1JP-01	LumB	LumA	LumA		0.8198
TCGA-D8-A1JS-01	LumA	LumA	LumA		0.9714
TCGA-D8-A1JT-01	LumB	LumB	LumB		0.9024
TCGA-D8-A1JU-01	LumA	LumA	LumA		0.5122
TCGA-D8-A1X5-01	LumB	LumB	LumB		0.7027
TCGA-D8-A1X6-01	LumB	LumB	LumB		0.7399
TCGA-D8-A1X7-01	LumB	LumB	LumB		0.8307
TCGA-D8-A1X8-01	LumA	LumA	LumA		0.7121
TCGA-D8-A1X9-01	LumB	LumA	LumA		0.8703
TCGA-D8-A1XA-01	LumB	LumA	LumA		0.8552
TCGA-D8-A1XB-01	LumA	LumA	LumA		0.8248
TCGA-D8-A1XC-01	LumB	LumA	LumA		0.9423
TCGA-D8-A1XD-01	LumA	LumA	LumA		0.8916
TCGA-D8-A1XF-01	LumB	LumB	LumB		0.9159
TCGA-D8-A1XG-01	LumA	LumA	LumA		0.8957
TCGA-D8-A1XJ-01	Her2	Her2	Her2		0.838
TCGA-D8-A1XK-01	Basal	Basal	Basal		0.6505
TCGA-D8-A1XL-01	LumB	LumB	LumB		0.7184
TCGA-D8-A1XM-01	LumB	LumA	LumA		0.6665
TCGA-D8-A1XO-01	LumA	LumA	LumA		0.7386
TCGA-D8-A1XQ-01	Basal	Basal	Basal		0.6581
TCGA-D8-A1XR-01	LumB	LumB	LumB		0.8245
TCGA-D8-A1XS-01	LumB	LumB	LumB		0.764
TCGA-D8-A1XT-01	Her2	Her2	Her2		0.7206
TCGA-D8-A1XU-01	LumA	LumA	LumA		0.805
TCGA-D8-A1XV-01	LumB	LumA	LumA		0.8689
TCGA-D8-A1XW-01	Basal	Normal	Normal		0.6698
TCGA-D8-A1XY-01	LumA	LumA	LumA		0.6991
TCGA-D8-A1XZ-01	LumB	LumB	LumB		0.7704
TCGA-D8-A1Y0-01	LumB	LumA	LumA		0.7198
TCGA-D8-A1Y1-01	LumB	LumB	LumB		0.6898
TCGA-D8-A1Y2-01	LumB	LumB	LumB		0.4127
TCGA-D8-A1Y3-01	LumB	LumB	LumB		0.8137
TCGA-D8-A27E-01	LumA	LumA	LumA		0.8092
TCGA-D8-A27F-01	Basal	Basal	Basal		0.8014
TCGA-D8-A27G-01	LumB	LumA	LumA		0.706
TCGA-D8-A27H-01	Basal	Basal	Basal		0.7659
TCGA-D8-A27I-01	LumA	LumA	LumA		0.5941
TCGA-D8-A27K-01	LumA	LumA	LumA		0.7268
TCGA-D8-A27L-01	LumA	LumA	LumA		0.7847
TCGA-D8-A27M-01	Basal	Basal	Basal		0.5446
TCGA-D8-A27N-01	Her2	LumB	LumB		0.7521
TCGA-D8-A27P-01	LumA	LumA	LumA		0.8136
TCGA-D8-A27R-01	LumB	LumB	LumB		0.6439
TCGA-D8-A27T-01	LumB	LumA	LumA		0.7142
TCGA-D8-A27V-01	LumA	LumA	LumA		0.7582
TCGA-D8-A27W-01	LumB	LumB	LumB		0.7155
TCGA-D8-A3Z5-01	LumA		LumA		0.847
TCGA-D8-A3Z6-01	LumA		LumA		0.7739
TCGA-D8-A4Z1-01	LumA		LumA		0.7466
TCGA-D8-A73U-01	LumA		LumA		0.4138
TCGA-D8-A73W-01	LumB		LumB		0.7887
TCGA-D8-A73X-01	LumA		LumA		0.7466
TCGA-E2-A105-01	LumB	LumA	LumA		0.9302
TCGA-E2-A106-01	LumA	LumA	LumA		0.9548
TCGA-E2-A107-01	LumB		LumB		0.7959
TCGA-E2-A108-01	Basal	Normal	Normal		0.4458
TCGA-E2-A109-01	LumB	LumB	LumB		0.8553
TCGA-E2-A10A-01	LumB	LumA	LumA		0.7834
TCGA-E2-A10B-01	LumB	LumA	LumA		0.8646
TCGA-E2-A10C-01	LumB	LumB	LumB		0.6938
TCGA-E2-A10E-01	LumB	LumA	LumA		0.9071
TCGA-E2-A10F-01	LumB	LumA	LumA		0.706
TCGA-E2-A14N-01	Basal	Basal	Basal		0.4769
TCGA-E2-A14O-01	LumB	LumB	LumB		0.8171
TCGA-E2-A14P-01	Her2	Her2	Her2		0.7019
TCGA-E2-A14Q-01	LumA	LumA	LumA		0.7913
TCGA-E2-A14R-01	Basal	Basal	Basal		0.7437
TCGA-E2-A14S-01	LumB	LumB	LumB		0.769
TCGA-E2-A14T-01	LumB	LumA	LumA		0.7915
TCGA-E2-A14U-01	LumA		LumA		0.8515
TCGA-E2-A14V-01	Her2	Her2	Her2		0.7019
TCGA-E2-A14W-01	LumB	LumB	LumB		0.6844
TCGA-E2-A14X-01	Basal	Basal	Basal		0.6969
TCGA-E2-A14Y-01	Basal	Basal	Basal		0.8884
TCGA-E2-A14Z-01	LumB	LumA	LumA		0.5517
TCGA-E2-A150-01	Basal	Basal	Basal		0.6648
TCGA-E2-A152-01	Her2	Her2	Her2		0.663
TCGA-E2-A153-01	LumA	LumA	LumA		0.5474
TCGA-E2-A153-11	Normal	Normal	Normal		
TCGA-E2-A154-01	LumB	LumA	LumA		0.7982
TCGA-E2-A155-01	LumB	LumB	LumB		0.9213
TCGA-E2-A156-01	LumB	LumA	LumA		0.9221
TCGA-E2-A158-01	Basal	Basal	Basal		0.7799
TCGA-E2-A158-11	Normal	Normal	Normal		
TCGA-E2-A159-01	Her2	Basal	Basal		0.6275
TCGA-E2-A15A-01	LumB	LumB	LumB		
TCGA-E2-A15A-06	LumB	LumB	LumB		0.5982
TCGA-E2-A15C-01	LumA	LumA	LumA		0.7431
TCGA-E2-A15D-01	LumA	LumA	LumA		0.7676
TCGA-E2-A15E-01	LumA	LumA	LumA		
TCGA-E2-A15E-06	LumB	LumA	LumA		0.5233
TCGA-E2-A15F-01	LumA		LumA		0.8328
TCGA-E2-A15G-01	LumA	LumA	LumA		0.6796
TCGA-E2-A15H-01	LumB	LumA	LumA		0.6749
TCGA-E2-A15I-01	LumA	LumA	LumA		0.7565
TCGA-E2-A15I-11	Normal	Normal	Normal		
TCGA-E2-A15J-01	LumB	LumA	LumA		0.9356
TCGA-E2-A15K-01	LumB	LumB	LumB		
TCGA-E2-A15K-06	LumB	LumB	LumB		0.8391
TCGA-E2-A15K-11	Normal		Normal		
TCGA-E2-A15L-01	LumB	LumA	LumA		0.8583
TCGA-E2-A15M-01	LumB	LumA	LumA		0.4285
TCGA-E2-A15M-11	Normal	Normal	Normal		
TCGA-E2-A15O-01	LumB	LumA	LumA		0.8866
TCGA-E2-A15P-01	LumA	LumA	LumA		0.8053
TCGA-E2-A15R-01	LumB	LumA	LumA		0.9352
TCGA-E2-A15S-01	LumB	LumB	LumB		0.8523
TCGA-E2-A15T-01	LumB		LumB		0.9054
TCGA-E2-A1AZ-01	Basal	Basal	Basal		0.6433
TCGA-E2-A1B0-01	Her2	Her2	Her2		0.6774
TCGA-E2-A1B1-01	Her2	LumA	LumA		0.7112
TCGA-E2-A1B4-01	LumA	LumA	LumA		0.8854
TCGA-E2-A1B5-01	LumB	LumA	LumA		0.3604
TCGA-E2-A1B6-01	Basal		Basal		0.4396
TCGA-E2-A1BC-01	LumA	LumA	LumA		0.7707
TCGA-E2-A1BC-11	Normal		Normal		
TCGA-E2-A1BD-01	LumA	LumA	LumA		0.7929
TCGA-E2-A1IE-01	LumB	LumA	LumA		0.8817
TCGA-E2-A1IF-01	LumA	LumA	LumA		0.733
TCGA-E2-A1IG-01	LumA	LumA	LumA		0.8399
TCGA-E2-A1IG-11	Normal	Normal	Normal		
TCGA-E2-A1IH-01	LumB	LumA	LumA		0.4512
TCGA-E2-A1II-01	Basal	Basal	Basal		0.5584
TCGA-E2-A1IJ-01	LumA	LumA	LumA		0.6903
TCGA-E2-A1IK-01	LumA	LumA	LumA		0.7546
TCGA-E2-A1IL-01	LumA	LumA	LumA		0.8323
TCGA-E2-A1IN-01	LumA	LumA	LumA		0.7839
TCGA-E2-A1IO-01	LumA	LumA	LumA		0.715
TCGA-E2-A1IP-01	Basal	Basal	Basal		
TCGA-E2-A1IU-01	LumA	LumA	LumA		0.8116
TCGA-E2-A1L6-01	LumA	LumA	LumA		0.689
TCGA-E2-A1L7-01	LumB	LumB	LumB		0.8555
TCGA-E2-A1L7-11	Normal	Normal	Normal		
TCGA-E2-A1L8-01	LumB	LumA	LumA		0.7449
TCGA-E2-A1L9-01	LumB	LumA	LumA		0.7831
TCGA-E2-A1LA-01	LumB	LumA	LumA		0.6662
TCGA-E2-A1LB-01	Her2	Her2	Her2		0.815
TCGA-E2-A1LB-11	Normal	Normal	Normal		
TCGA-E2-A1LE-01	Her2		Her2		0.6882
TCGA-E2-A1LG-01	Basal	Basal	Basal		0.8421
TCGA-E2-A1LH-01	Basal	Basal	Basal		0.4633
TCGA-E2-A1LH-11	Normal	Normal	Normal		
TCGA-E2-A1LI-01	Basal	Basal	Basal		0.6505
TCGA-E2-A1LK-01	Basal	Basal	Basal		0.8594
TCGA-E2-A1LL-01	Basal	Basal	Basal		0.6533
TCGA-E2-A1LS-01	Basal	Basal	Basal		0.8917
TCGA-E2-A1LS-11	Normal	Normal	Normal		
TCGA-E2-A2P5-01	LumB		LumB		0.8034
TCGA-E2-A2P6-01	LumB		LumB		0.882
TCGA-E2-A3DX-01	LumA	LumA	LumA		0.5672
TCGA-E2-A56Z-01	LumB		LumB		0.8763
TCGA-E2-A570-01	LumB		LumB		0.7913
TCGA-E2-A572-01	LumA		LumA		0.8909
TCGA-E2-A573-01	Basal		Basal		0.6344
TCGA-E2-A574-01	Basal		Basal		0.8488
TCGA-E2-A576-01	LumB		LumB		0.9253
TCGA-E2-A9RU-01	LumB		LumB		0.7365
TCGA-E9-A1N3-01	LumB	LumA	LumA		0.9093
TCGA-E9-A1N4-01	LumB	LumA	LumA		0.6483
TCGA-E9-A1N4-11	Normal	Normal	Normal		
TCGA-E9-A1N5-01	LumB	LumA	LumA		0.6748
TCGA-E9-A1N5-11	Basal	Normal	Normal		
TCGA-E9-A1N6-01	LumB	LumB	LumB		0.7431
TCGA-E9-A1N6-11	Normal	Normal	Normal		
TCGA-E9-A1N8-01	Basal	Basal	Basal		0.9275
TCGA-E9-A1N9-01	LumB	Basal	Basal		0.8101
TCGA-E9-A1N9-11	Normal	Normal	Normal		
TCGA-E9-A1NA-01	LumB	LumB	LumB		0.7216
TCGA-E9-A1NA-11	Normal	Normal	Normal		
TCGA-E9-A1NC-01	Basal		Basal		0.5439
TCGA-E9-A1ND-01	Basal	Basal	Basal		0.5041
TCGA-E9-A1ND-11	Normal	Normal	Normal		
TCGA-E9-A1NE-01	LumB	LumA	LumA		0.4246
TCGA-E9-A1NF-01	LumB	LumB	LumB		0.5489
TCGA-E9-A1NF-11	Normal	LumA	Normal		
TCGA-E9-A1NG-01	LumA	LumA	LumA		0.5605
TCGA-E9-A1NG-11	Normal	Normal	Normal		
TCGA-E9-A1NH-01	LumA	LumA	LumA		0.7905
TCGA-E9-A1NI-01	LumB	LumB	LumB		0.7639
TCGA-E9-A1QZ-01	LumB	LumA	LumA		0.539
TCGA-E9-A1R0-01	LumA	LumA	LumA		0.7049
TCGA-E9-A1R2-01	LumB	LumA	LumA		0.8144
TCGA-E9-A1R3-01	LumA	LumA	LumA		0.6115
TCGA-E9-A1R4-01	LumB	LumB	LumB		0.5522
TCGA-E9-A1R5-01	LumB	LumA	LumA		0.8536
TCGA-E9-A1R6-01	LumB	LumA	LumA		0.832
TCGA-E9-A1R7-01	LumB	LumB	LumB		0.8212
TCGA-E9-A1R7-11	Normal	Normal	Normal		
TCGA-E9-A1RA-01	LumA		LumA		0.6829
TCGA-E9-A1RB-01	LumB	LumB	LumB		0.8309
TCGA-E9-A1RB-11	Normal	Normal	Normal		
TCGA-E9-A1RC-01	LumB	LumA	LumA		0.9053
TCGA-E9-A1RC-11	LumA	LumA	Normal		
TCGA-E9-A1RD-01	LumB	LumA	LumA		0.7696
TCGA-E9-A1RD-11	Normal	Normal	Normal		
TCGA-E9-A1RE-01	LumB	LumB	LumB		0.8959
TCGA-E9-A1RF-01	LumB	LumA	LumA		0.6424
TCGA-E9-A1RF-11	LumA	LumA	Normal		
TCGA-E9-A1RG-01	LumB		LumB		0.7904
TCGA-E9-A1RH-01	Her2	Her2	Her2		0.8116
TCGA-E9-A1RH-11	Normal	Normal	Normal		
TCGA-E9-A1RI-01	LumA	LumA	LumA		0.6764
TCGA-E9-A1RI-11	LumA	LumA	Normal		
TCGA-E9-A226-01	LumB	LumB	LumB		0.7248
TCGA-E9-A227-01	LumA	LumA	LumA		0.6158
TCGA-E9-A228-01	LumB	LumB	LumB		0.8949
TCGA-E9-A229-01	LumB	LumA	LumA		0.6898
TCGA-E9-A22A-01	LumB	LumB	LumB		0.5894
TCGA-E9-A22B-01	LumB	LumA	LumA		0.7789
TCGA-E9-A22D-01	LumB	LumB	LumB		0.5721
TCGA-E9-A22E-01	LumB	LumB	LumB		0.6539
TCGA-E9-A22G-01	Basal	Basal	Basal		0.9416
TCGA-E9-A22H-01	LumB	LumB	LumB		0.7964
TCGA-E9-A243-01	Basal	Basal	Basal		0.3881
TCGA-E9-A244-01	Basal	Basal	Basal		0.6448
TCGA-E9-A245-01	LumA	LumA	LumA		0.8825
TCGA-E9-A247-01	LumB	LumA	LumA		0.8721
TCGA-E9-A248-01	Her2	Her2	Her2		0.4143
TCGA-E9-A249-01	LumB	LumB	LumB		0.8617
TCGA-E9-A24A-01	LumA	LumA	LumA		0.7263
TCGA-E9-A295-01	LumA	LumA	LumA		0.7547
TCGA-E9-A2JS-01	LumB	LumB	LumB		0.8267
TCGA-E9-A2JT-01	LumB	LumA	LumA		0.3275
TCGA-E9-A3HO-01	LumB	LumB	LumB		0.8239
TCGA-E9-A3Q9-01	LumA	LumA	LumA		0.7072
TCGA-E9-A3QA-01	Basal		Basal		0.475
TCGA-E9-A3X8-01	LumA		LumA		0.6126
TCGA-E9-A54X-01	LumB		LumB		0.8966
TCGA-E9-A54Y-01	LumB		LumB		0.8148
TCGA-E9-A5FK-01	LumA		LumA		0.2308
TCGA-E9-A5FL-01	Basal		Basal		0.7866
TCGA-E9-A5UO-01	LumB		LumB		0.9698
TCGA-E9-A5UP-01	LumB		LumB		0.9162
TCGA-E9-A6HE-01	LumB		LumB		0.7019
TCGA-EW-A1IW-01	LumA	LumA	LumA		0.7313
TCGA-EW-A1IX-01	LumA	LumA	LumA		0.7242
TCGA-EW-A1IY-01	LumB	LumB	LumB		0.6246
TCGA-EW-A1IZ-01	LumB		LumB		0.4635
TCGA-EW-A1J1-01	LumB	LumA	LumA		0.834
TCGA-EW-A1J2-01	LumA	LumA	LumA		0.7126
TCGA-EW-A1J3-01	LumB	LumA	LumA		0.8455
TCGA-EW-A1J5-01	LumA	LumA	LumA		0.7538
TCGA-EW-A1J6-01	LumB	LumB	LumB		0.7751
TCGA-EW-A1OV-01	Her2	Her2	Her2		0.4756
TCGA-EW-A1OW-01	Basal	Basal	Basal		0.7657
TCGA-EW-A1OX-01	LumB	LumB	LumB		0.9955
TCGA-EW-A1OY-01	LumB	LumB	LumB		0.8973
TCGA-EW-A1OZ-01	Her2	LumB	LumB		0.8205
TCGA-EW-A1P0-01	LumB	LumB	LumB		0.8404
TCGA-EW-A1P1-01	Normal		Normal		0.5404
TCGA-EW-A1P3-01	LumB	LumA	LumA		0.784
TCGA-EW-A1P4-01	Basal	Basal	Basal		0.6075
TCGA-EW-A1P5-01	LumB	LumA	LumA		0.7629
TCGA-EW-A1P6-01	LumB	LumA	LumA		0.8253
TCGA-EW-A1P7-01	Basal	Normal	Normal		0.3684
TCGA-EW-A1P8-01	Basal	Basal	Basal		0.7303
TCGA-EW-A1PA-01	LumB	LumA	LumA		0.7739
TCGA-EW-A1PB-01	Basal	Basal	Basal		0.4611
TCGA-EW-A1PC-01	LumB	LumB	LumB		0.914
TCGA-EW-A1PD-01	LumB	LumA	LumA		0.7402
TCGA-EW-A1PE-01	LumB	LumA	LumA		0.5971
TCGA-EW-A1PF-01	LumA	LumA	LumA		0.6464
TCGA-EW-A1PG-01	Normal	Normal	Normal		0.6851
TCGA-EW-A1PH-01	Basal	Basal	Basal		0.8229
TCGA-EW-A2FR-01	Her2	Her2	Her2		0.4608
TCGA-EW-A2FS-01	LumB	LumA	LumA		0.7268
TCGA-EW-A2FV-01	LumB	LumA	LumA		0.7037
TCGA-EW-A2FW-01	LumB	LumB	LumB		0.9128
TCGA-EW-A3E8-01	LumA		LumA		0.6689
TCGA-EW-A3U0-01	Basal		Basal		0.4688
TCGA-EW-A423-01	LumB		LumB		0.7564
TCGA-EW-A424-01	LumA		LumA		0.8806
TCGA-EW-A6S9-01	Her2		Her2		0.7571
TCGA-EW-A6SA-01	LumB		LumB		0.9654
TCGA-EW-A6SB-01	Basal		Basal		0.6239
TCGA-EW-A6SC-01	LumB		LumB		0.6285
TCGA-EW-A6SD-01	Her2		Her2		0.6573
TCGA-GI-A2C8-01	LumA	LumA	LumA		0.6998
TCGA-GI-A2C8-11	LumA	LumA	Normal		
TCGA-GI-A2C9-01	Basal	Basal	Basal		0.6969
TCGA-GI-A2C9-11	Normal	Normal	Normal		
TCGA-GM-A2D9-01	LumA	LumA	LumA		0.8679
TCGA-GM-A2DA-01	Her2	LumA	LumA		0.646
TCGA-GM-A2DB-01	Her2	Her2	Her2		0.6723
TCGA-GM-A2DC-01	LumA	LumA	LumA		0.8654
TCGA-GM-A2DD-01	Her2	Normal	Normal		0.5437
TCGA-GM-A2DF-01	Basal	Basal	Basal		0.529
TCGA-GM-A2DH-01	Her2	Her2	Her2		0.6612
TCGA-GM-A2DI-01	LumA	LumA	LumA		0.3872
TCGA-GM-A2DK-01	LumA	LumA	LumA		0.6851
TCGA-GM-A2DL-01	Her2	LumA	LumA		0.701
TCGA-GM-A2DM-01	LumA	LumA	LumA		0.7968
TCGA-GM-A2DN-01	LumA	LumA	LumA		0.5048
TCGA-GM-A2DO-01	LumB	LumB	LumB		0.5741
TCGA-GM-A3NW-01	LumA		LumA		0.7587
TCGA-GM-A3NY-01	LumA	LumA	LumA		0.8363
TCGA-GM-A3XG-01	Normal		Normal		0.8792
TCGA-GM-A3XL-01	Basal		Basal		0.7311
TCGA-GM-A3XN-01	LumA		LumA		0.7312
TCGA-GM-A4E0-01	LumA		LumA		0.5918
TCGA-GM-A5PV-01	LumA		LumA		0.8352
TCGA-GM-A5PX-01	LumA		LumA		0.7913
TCGA-HN-A2NL-01	Basal	Basal	Basal		0.8957
TCGA-HN-A2OB-01	LumA		LumA		0.4274
TCGA-JL-A3YW-01	Her2		Her2		0.6126
TCGA-JL-A3YX-01	LumB		LumB		0.8694
TCGA-LD-A66U-01	LumA		LumA		0.6126
TCGA-LD-A74U-01	LumA		LumA		0.5623
TCGA-LD-A7W5-01	LumA		LumA		0.6009
TCGA-LD-A7W6-01	LumA		LumA		0.8806
TCGA-LD-A9QF-01	Her2		Her2		0.1497
TCGA-LL-A440-01	Normal		Normal		0.6702
TCGA-LL-A441-01	Basal		Basal		0.493
TCGA-LL-A442-01	LumB		LumB		0.7959
TCGA-LL-A50Y-01	LumA		LumA		0.7447
TCGA-LL-A5YL-01	Her2		Her2		0.7466
TCGA-LL-A5YM-01	LumB		LumB		0.8806
TCGA-LL-A5YN-01	Her2		Her2		0.4885
TCGA-LL-A5YO-01	Her2		Her2		0.3351
TCGA-LL-A5YP-01	Basal		Basal		0.6746
TCGA-LL-A6FP-01	LumA		LumA		0.9584
TCGA-LL-A6FQ-01	LumA		LumA		0.7826
TCGA-LL-A6FR-01	Basal		Basal		0.843
TCGA-LL-A73Y-01	Basal		Basal		0.629
TCGA-LL-A73Z-01	Basal		Basal		0.577
TCGA-LL-A740-01	Her2		Her2		0.8253
TCGA-LL-A7SZ-01	Her2		Her2		0.5109
TCGA-LL-A7T0-01	LumB		LumB		0.836
TCGA-LL-A8F5-01	Basal		Basal		0.7056
TCGA-LL-A9Q3-01	LumA		LumA		0.7531
TCGA-LQ-A4E4-01	LumB		LumB		0.8847
TCGA-MS-A51U-01	LumA		LumA		0.7466
TCGA-OK-A5Q2-01	LumB		LumB		0.7133
TCGA-OL-A5D6-01	Her2		Her2		0.6749
TCGA-OL-A5D7-01	Basal		Basal		0.7204
TCGA-OL-A5D8-01	LumB		LumB		0.7891
TCGA-OL-A5DA-01	LumA		LumA		0.8184
TCGA-OL-A5RU-01	LumA		LumA		0.6058
TCGA-OL-A5RV-01	LumA		LumA		0.8408
TCGA-OL-A5RW-01	Basal		Basal		0.8121
TCGA-OL-A5RX-01	LumA		LumA		0.8019
TCGA-OL-A5RY-01	Her2		Her2		0.3501
TCGA-OL-A5RZ-01	Her2		Her2		0.9095
TCGA-OL-A5S0-01	Basal		Basal		0.657
TCGA-OL-A66H-01	LumB		LumB		0.7466
TCGA-OL-A66I-01	Basal		Basal		0.4999
TCGA-OL-A66J-01	LumA		LumA		0.7019
TCGA-OL-A66K-01	LumA		LumA		0.836
TCGA-OL-A66L-01	LumA		LumA		0.6126
TCGA-OL-A66N-01	LumA		LumA		0.6573
TCGA-OL-A66O-01	LumB		LumB		0.8843
TCGA-OL-A66P-01	Her2		Her2		0.4448
TCGA-OL-A6VO-01	Basal		Basal		0.7633
TCGA-OL-A6VQ-01	LumA		LumA		
TCGA-OL-A6VR-01	LumA		LumA		0.9404
TCGA-OL-A97C-01	Normal		Normal		0.7434
TCGA-PE-A5DC-01	LumB		LumB		0.7709
TCGA-PE-A5DD-01	LumB		LumB		0.6816
TCGA-PE-A5DE-01	LumB		LumB		0.5043
TCGA-PL-A8LV-01	Basal		Basal		0.7256
TCGA-PL-A8LX-01	LumA		LumA		0.8593
TCGA-PL-A8LY-01	Normal		Normal		0.7952
TCGA-PL-A8LZ-01	Basal		Basal		0.4779
TCGA-S3-A6ZF-01	LumB		LumB		0.7286
TCGA-S3-A6ZG-01	LumB		LumB		0.7741
TCGA-S3-A6ZH-01	LumB		LumB		0.8698
TCGA-S3-AA0Z-01	Basal		Basal		0.7187
TCGA-S3-AA10-01	Basal		Basal		0.6053
TCGA-S3-AA11-01	LumA		LumA		0.7638
TCGA-S3-AA12-01	LumB		LumB		0.7992
TCGA-S3-AA14-01	Her2		Her2		0.7492
TCGA-S3-AA15-01	Basal		Basal		0.5387
TCGA-S3-AA17-01	LumB		LumB		0.5751
TCGA-UL-AAZ6-01	Her2		Her2		0.8031
TCGA-UU-A93S-01	Her2		Her2		0.8339
TCGA-V7-A7HQ-01	LumA		LumA		0.7774
TCGA-W8-A86G-01	LumA		LumA		0.8806
TCGA-WT-AB41-01	LumB		LumB		0.6051
TCGA-WT-AB44-01	LumA		LumA		0.7493
TCGA-XX-A899-01	LumA		LumA		0.6069
TCGA-XX-A89A-01	LumA		LumA		0.6067
TCGA-Z7-A8R5-01	Normal		Normal		0.6919
TCGA-Z7-A8R6-01	LumB		LumB		0.8143
